id,created_at,date,farm_name,plot,input_path,input_sha256,pred_label,pred_prob,probs_json,annotated_path,notes,prob_Common Rust,prob_Gray Leaf Spot,prob_Healthy,prob_NLB
1,2026-04-05T19:07:53.966035+00:00,15/04/2026,Fazenda Sol Nascente,PLT7,input_images\083bc234-b2eb-459e-ab07-ea7d6901b2e8.jpg,99ad81a07cbf1e2b1afa1da2fbb60355e2a794766888016ceef0737c72ba6cc9,Gray Leaf Spot,0.983004093170166,"{""Common Rust"": 0.0062877703458070755, ""Gray Leaf Spot"": 0.983004093170166, ""Healthy"": 0.0011245948262512684, ""NLB"": 0.00958350021392107}",annotated_images\083bc234-b2eb-459e-ab07-ea7d6901b2e8__Gray_Leaf_Spot__annot.png,,0.0062877703458070755,0.983004093170166,0.0011245948262512684,0.00958350021392107
2,2026-04-05T19:07:54.472751+00:00,27/04/2026,Fazenda Recanto,PLT15,input_images\0b76af6d-4ef1-4074-b5fa-0eb238e3a14d.jpg,9e07695e7c428d02fb2c8d0efb700a073bd491163c55c8993ef91f94bd4dbca0,Common Rust,0.4846106171607971,"{""Common Rust"": 0.4846106171607971, ""Gray Leaf Spot"": 0.05365128815174103, ""Healthy"": 0.014861560426652431, ""NLB"": 0.44687652587890625}",annotated_images\0b76af6d-4ef1-4074-b5fa-0eb238e3a14d__Common_Rust__annot.png,,0.4846106171607971,0.05365128815174103,0.014861560426652431,0.44687652587890625
3,2026-04-05T19:07:54.855906+00:00,04/02/2026,Fazenda Sol Nascente,PLT3,input_images\0dec0529-4d46-46c3-8fc6-f0d5d1b4e480.jpg,fecbb72cdf4cf860fae22cdf5d88e58e61529654385547102e863d98149fd957,Healthy,0.5918379426002502,"{""Common Rust"": 0.006524326279759407, ""Gray Leaf Spot"": 0.16279886662960052, ""Healthy"": 0.5918379426002502, ""NLB"": 0.23883885145187378}",annotated_images\0dec0529-4d46-46c3-8fc6-f0d5d1b4e480__Healthy__annot.png,,0.006524326279759407,0.16279886662960052,0.5918379426002502,0.23883885145187378
4,2026-04-05T19:07:55.205361+00:00,02/12/2026,Fazenda Capao Rico,PLT11,input_images\10b9a8d5-f3f8-4781-8d51-0b18fe8b8741.jpg,46eeda224025e12459576dcd5dc077470158d219b6d505f6a10624bdbf952b2d,Healthy,0.9996547698974609,"{""Common Rust"": 0.00022482837084680796, ""Gray Leaf Spot"": 5.000187229597941e-05, ""Healthy"": 0.9996547698974609, ""NLB"": 7.040514901746064e-05}",annotated_images\10b9a8d5-f3f8-4781-8d51-0b18fe8b8741__Healthy__annot.png,,0.00022482837084680796,5.000187229597941e-05,0.9996547698974609,7.040514901746064e-05
5,2026-04-05T19:07:55.568396+00:00,21/02/2026,Fazenda Capao Rico,PLT14,input_images\10c5e705-0045-4b73-970f-79568fdc2c9e.jpg,29cb5ddee2c18130abba7217a3f8dd0f6cd807ee2a83d87514f8aae4fd2e0caf,Healthy,0.9999775886535645,"{""Common Rust"": 7.025913873803802e-06, ""Gray Leaf Spot"": 4.273543709132355e-06, ""Healthy"": 0.9999775886535645, ""NLB"": 1.1105467820016202e-05}",annotated_images\10c5e705-0045-4b73-970f-79568fdc2c9e__Healthy__annot.png,,7.025913873803802e-06,4.273543709132355e-06,0.9999775886535645,1.1105467820016202e-05
6,2026-04-05T19:07:55.913294+00:00,12/06/2026,Fazenda Capao Rico,PLT5,input_images\131a351d-b47d-4f96-8e41-6ea45e8d22cd.jpg,bd0535cdb71c769f700a14a822e8081febce14c3e3478b60219740e457fa9f61,Gray Leaf Spot,0.6890053749084473,"{""Common Rust"": 0.003185014007613063, ""Gray Leaf Spot"": 0.6890053749084473, ""Healthy"": 0.3010847270488739, ""NLB"": 0.006724908482283354}",annotated_images\131a351d-b47d-4f96-8e41-6ea45e8d22cd__Gray_Leaf_Spot__annot.png,,0.003185014007613063,0.6890053749084473,0.3010847270488739,0.006724908482283354
7,2026-04-05T19:07:56.303555+00:00,07/08/2026,Fazenda Capao Rico,PLT11,input_images\132f0b4a-6ffb-455b-aaf8-cc590e469964.jpg,de2593e0536294b92e8f43e95f336daae148d18efadd6db075e17212e27048f4,Healthy,0.999997615814209,"{""Common Rust"": 9.661198419053108e-07, ""Gray Leaf Spot"": 1.4025787322680117e-06, ""Healthy"": 0.999997615814209, ""NLB"": 2.4757822458809642e-08}",annotated_images\132f0b4a-6ffb-455b-aaf8-cc590e469964__Healthy__annot.png,,9.661198419053108e-07,1.4025787322680117e-06,0.999997615814209,2.4757822458809642e-08
8,2026-04-05T19:07:56.651637+00:00,31/05/2026,Fazenda Capao Rico,PLT18,input_images\14e5f8fb-e181-4a8e-b98a-ddc1cc066044.jpg,16977964fb1e3a13a8e8b366b73dacb7be286aa7702d6ab30400f3d35c04e806,Gray Leaf Spot,0.8938029408454895,"{""Common Rust"": 0.004815064836293459, ""Gray Leaf Spot"": 0.8938029408454895, ""Healthy"": 0.09967058151960373, ""NLB"": 0.0017113471403717995}",annotated_images\14e5f8fb-e181-4a8e-b98a-ddc1cc066044__Gray_Leaf_Spot__annot.png,,0.004815064836293459,0.8938029408454895,0.09967058151960373,0.0017113471403717995
9,2026-04-05T19:07:57.109825+00:00,30/04/2026,Fazenda Recanto,PLT4,input_images\19725b7e-8f35-41c5-b5d9-e65d47828f55.jpg,6e130df02a30e39483c87b9cfc7dff024068ef831185bc0cf1afdfbc3a2bba5e,Gray Leaf Spot,0.9993653893470764,"{""Common Rust"": 0.0005770816351287067, ""Gray Leaf Spot"": 0.9993653893470764, ""Healthy"": 4.546460786514217e-06, ""NLB"": 5.3016701713204384e-05}",annotated_images\19725b7e-8f35-41c5-b5d9-e65d47828f55__Gray_Leaf_Spot__annot.png,,0.0005770816351287067,0.9993653893470764,4.546460786514217e-06,5.3016701713204384e-05
10,2026-04-05T19:07:57.625698+00:00,01/11/2026,Fazenda Capao Rico,PLT16,input_images\1d95b84f-907b-43d5-9def-ef06d7b0f187.jpg,4baa5c0254787274d75bed246ecb17e7c07736f8f35fdea9cf9ba79f61b38599,Gray Leaf Spot,0.948574423789978,"{""Common Rust"": 0.004526661708950996, ""Gray Leaf Spot"": 0.948574423789978, ""Healthy"": 0.00202527386136353, ""NLB"": 0.0448736697435379}",annotated_images\1d95b84f-907b-43d5-9def-ef06d7b0f187__Gray_Leaf_Spot__annot.png,,0.004526661708950996,0.948574423789978,0.00202527386136353,0.0448736697435379
11,2026-04-05T19:07:58.098111+00:00,29/01/2026,Fazenda Sol Nascente,PLT4,input_images\1f04da63-8815-4582-b5df-f3d281f006e2.jpg,b603547931125443594067ef680adf6b716608c9b06202e7233f5f4f7e5d9a76,Gray Leaf Spot,0.53529953956604,"{""Common Rust"": 0.00405118428170681, ""Gray Leaf Spot"": 0.53529953956604, ""Healthy"": 0.4093495309352875, ""NLB"": 0.051299721002578735}",annotated_images\1f04da63-8815-4582-b5df-f3d281f006e2__Gray_Leaf_Spot__annot.png,,0.00405118428170681,0.53529953956604,0.4093495309352875,0.051299721002578735
12,2026-04-05T19:07:58.520087+00:00,30/07/2026,Fazenda Capao Rico,PLT15,input_images\1f260b19-7daa-49dd-8443-03209a4b1500.jpg,db524b07878d7c86faa81a9ee38222ee6507c1a34ed7a4794f8969c7c9313b3f,NLB,0.741123378276825,"{""Common Rust"": 0.011266625486314297, ""Gray Leaf Spot"": 0.17858892679214478, ""Healthy"": 0.06902104616165161, ""NLB"": 0.741123378276825}",annotated_images\1f260b19-7daa-49dd-8443-03209a4b1500__NLB__annot.png,,0.011266625486314297,0.17858892679214478,0.06902104616165161,0.741123378276825
13,2026-04-05T19:07:58.896724+00:00,21/12/2026,Fazenda Recanto,PLT18,input_images\1f411bbc-0046-4a97-a191-e01d9c6f1651.jpg,24b2ce20f8b25c7a282ecb5a6ca91760e10c63cd217986f00321842d3b39c958,Healthy,0.9999992847442627,"{""Common Rust"": 9.22262515246075e-08, ""Gray Leaf Spot"": 3.8500894561366295e-07, ""Healthy"": 0.9999992847442627, ""NLB"": 2.72448602345321e-07}",annotated_images\1f411bbc-0046-4a97-a191-e01d9c6f1651__Healthy__annot.png,,9.22262515246075e-08,3.8500894561366295e-07,0.9999992847442627,2.72448602345321e-07
14,2026-04-05T19:07:59.253074+00:00,17/04/2026,Fazenda Capao Rico,PLT17,input_images\27486ee3-9a78-4ef3-b125-9fc1fe3c967a.jpg,ec17e9324b96e1d6cade04880b52476e82eab564e7a21bc523799dc6e1172995,Gray Leaf Spot,0.7550705075263977,"{""Common Rust"": 0.022255003452301025, ""Gray Leaf Spot"": 0.7550705075263977, ""Healthy"": 0.046085894107818604, ""NLB"": 0.17658859491348267}",annotated_images\27486ee3-9a78-4ef3-b125-9fc1fe3c967a__Gray_Leaf_Spot__annot.png,,0.022255003452301025,0.7550705075263977,0.046085894107818604,0.17658859491348267
15,2026-04-05T19:07:59.723431+00:00,30/08/2026,Fazenda Capao Rico,PLT19,input_images\2eb84db6-1a0d-4781-837e-a63b89e26795.jpg,851941010e7f34ff324b3891139d55c9615272153e26a570732b81cd5f8b4930,NLB,0.6244146227836609,"{""Common Rust"": 0.15060898661613464, ""Gray Leaf Spot"": 0.19682863354682922, ""Healthy"": 0.02814776636660099, ""NLB"": 0.6244146227836609}",annotated_images\2eb84db6-1a0d-4781-837e-a63b89e26795__NLB__annot.png,,0.15060898661613464,0.19682863354682922,0.02814776636660099,0.6244146227836609
16,2026-04-05T19:08:01.062974+00:00,08/09/2026,Fazenda Recanto,PLT19,input_images\328fbca7-f2d2-4144-8d58-ca61cd120af3.jpg,6e777d1b6829140e66573f918c0f1681ca4cd2979859c37435c84977153ec223,NLB,0.9994571805000305,"{""Common Rust"": 5.960542239336064e-06, ""Gray Leaf Spot"": 0.0004907026304863393, ""Healthy"": 4.615186117007397e-05, ""NLB"": 0.9994571805000305}",annotated_images\328fbca7-f2d2-4144-8d58-ca61cd120af3__NLB__annot.png,,5.960542239336064e-06,0.0004907026304863393,4.615186117007397e-05,0.9994571805000305
17,2026-04-05T19:08:01.698945+00:00,06/01/2026,Fazenda Capao Rico,PLT6,input_images\342e7b69-3c12-4d51-9b8b-4f8db2e2b984.jpg,8546324a1f059cce2f8e1dad4a547c8de5db7a0fa0e6f61281aa1c5223bc5cad,Gray Leaf Spot,0.9425973892211914,"{""Common Rust"": 0.0002791289589367807, ""Gray Leaf Spot"": 0.9425973892211914, ""Healthy"": 0.05711964890360832, ""NLB"": 3.786571596720023e-06}",annotated_images\342e7b69-3c12-4d51-9b8b-4f8db2e2b984__Gray_Leaf_Spot__annot.png,,0.0002791289589367807,0.9425973892211914,0.05711964890360832,3.786571596720023e-06
18,2026-04-05T19:08:02.226109+00:00,09/09/2026,Fazenda Sol Nascente,PLT8,input_images\3eb69dca-824c-470d-9739-5ccd2cda453d.jpg,47b303a09c3a3aa923ccfecc2f5ee4fa28e705f1292dc5a67d21b7990e6d8d75,Healthy,0.6043840646743774,"{""Common Rust"": 0.005515344440937042, ""Gray Leaf Spot"": 0.3900728225708008, ""Healthy"": 0.6043840646743774, ""NLB"": 2.7710961148841307e-05}",annotated_images\3eb69dca-824c-470d-9739-5ccd2cda453d__Healthy__annot.png,,0.005515344440937042,0.3900728225708008,0.6043840646743774,2.7710961148841307e-05
19,2026-04-05T19:08:02.605857+00:00,25/06/2026,Fazenda Capao Rico,PLT19,input_images\4039f7f8-fe70-4374-a52c-bce775d3451f.jpg,5fead7eb53228ab43831ca399a6db220e440291f6d3da5df709b8bf2c6011ebb,Gray Leaf Spot,0.9500378370285034,"{""Common Rust"": 0.023394875228405, ""Gray Leaf Spot"": 0.9500378370285034, ""Healthy"": 0.00629438878968358, ""NLB"": 0.020272932946681976}",annotated_images\4039f7f8-fe70-4374-a52c-bce775d3451f__Gray_Leaf_Spot__annot.png,,0.023394875228405,0.9500378370285034,0.00629438878968358,0.020272932946681976
20,2026-04-05T19:08:02.996744+00:00,28/10/2026,Fazenda Capao Rico,PLT13,input_images\41efbac9-2712-4f85-8f31-342a3a3492a5.jpg,1236a199431c6c7b4798310cfb847faa4c4b9047b62149de91674989b1ed76b9,Common Rust,0.6016396284103394,"{""Common Rust"": 0.6016396284103394, ""Gray Leaf Spot"": 0.08145667612552643, ""Healthy"": 0.22302058339118958, ""NLB"": 0.09388317912817001}",annotated_images\41efbac9-2712-4f85-8f31-342a3a3492a5__Common_Rust__annot.png,,0.6016396284103394,0.08145667612552643,0.22302058339118958,0.09388317912817001
21,2026-04-05T19:08:03.413084+00:00,07/03/2026,Fazenda Sol Nascente,PLT11,input_images\43c6a826-410b-4bdc-8b73-9004374d5bd8.jpg,f61b78d763601eb88940c1959f3ddafc7b6d8170d88203cbe73c27d85454b226,Healthy,0.9999814033508301,"{""Common Rust"": 1.3205437426222488e-05, ""Gray Leaf Spot"": 4.6128593567118514e-06, ""Healthy"": 0.9999814033508301, ""NLB"": 8.051782174334221e-07}",annotated_images\43c6a826-410b-4bdc-8b73-9004374d5bd8__Healthy__annot.png,,1.3205437426222488e-05,4.6128593567118514e-06,0.9999814033508301,8.051782174334221e-07
22,2026-04-05T19:08:03.785043+00:00,03/05/2026,Fazenda Sol Nascente,PLT14,input_images\4659bfe7-fb19-49d4-ba05-5f4140f560df.jpg,35371942d3914e29adc6ce0247d6e9aff2c04820d58f2168ea42c515a33e32a6,NLB,0.7199459075927734,"{""Common Rust"": 0.25640368461608887, ""Gray Leaf Spot"": 0.01792306639254093, ""Healthy"": 0.005727337673306465, ""NLB"": 0.7199459075927734}",annotated_images\4659bfe7-fb19-49d4-ba05-5f4140f560df__NLB__annot.png,,0.25640368461608887,0.01792306639254093,0.005727337673306465,0.7199459075927734
23,2026-04-05T19:08:04.172273+00:00,08/05/2026,Fazenda Capao Rico,PLT19,input_images\46e655f4-a187-4d7e-beb3-22b800e618d3.jpg,56a65794b3375625ccdb802cd7f821b1965eb8add70fe0a04b5a888a169bb5a6,Gray Leaf Spot,0.9745391607284546,"{""Common Rust"": 0.00038540715468116105, ""Gray Leaf Spot"": 0.9745391607284546, ""Healthy"": 0.025068318471312523, ""NLB"": 7.215813184302533e-06}",annotated_images\46e655f4-a187-4d7e-beb3-22b800e618d3__Gray_Leaf_Spot__annot.png,,0.00038540715468116105,0.9745391607284546,0.025068318471312523,7.215813184302533e-06
24,2026-04-05T19:08:04.771090+00:00,08/04/2026,Fazenda Capao Rico,PLT8,input_images\482e6814-b29f-4dbe-9d3e-642af22f2e0f.jpg,0de97196782cbd3741bce6fcdf9571f81cc8a3f61326e648110ba518d8334b9c,Gray Leaf Spot,0.42336276173591614,"{""Common Rust"": 0.1977318674325943, ""Gray Leaf Spot"": 0.42336276173591614, ""Healthy"": 0.056816693395376205, ""NLB"": 0.32208868861198425}",annotated_images\482e6814-b29f-4dbe-9d3e-642af22f2e0f__Gray_Leaf_Spot__annot.png,,0.1977318674325943,0.42336276173591614,0.056816693395376205,0.32208868861198425
25,2026-04-05T19:08:05.229241+00:00,27/07/2026,Fazenda Sol Nascente,PLT2,input_images\55ac14db-252e-47dc-841a-5931c7d8a90b.jpg,04cfdf7dd6686ca8a6dccd08c968df23ec7b61742d7c80ecd5a53aa7957cdf19,Gray Leaf Spot,0.3636937737464905,"{""Common Rust"": 0.17282767593860626, ""Gray Leaf Spot"": 0.3636937737464905, ""Healthy"": 0.1169116348028183, ""NLB"": 0.3465668857097626}",annotated_images\55ac14db-252e-47dc-841a-5931c7d8a90b__Gray_Leaf_Spot__annot.png,,0.17282767593860626,0.3636937737464905,0.1169116348028183,0.3465668857097626
26,2026-04-05T19:08:06.020968+00:00,28/06/2026,Fazenda Capao Rico,PLT12,input_images\55c4b2ec-bd12-433f-879b-afc58fea64c7.jpg,d5cddd1a948736993ecda96b0dfb1decf31f9bad9c033c09e0df7fafa0125553,Gray Leaf Spot,0.9885448813438416,"{""Common Rust"": 0.001692436751909554, ""Gray Leaf Spot"": 0.9885448813438416, ""Healthy"": 0.00922180712223053, ""NLB"": 0.0005407846765592694}",annotated_images\55c4b2ec-bd12-433f-879b-afc58fea64c7__Gray_Leaf_Spot__annot.png,,0.001692436751909554,0.9885448813438416,0.00922180712223053,0.0005407846765592694
27,2026-04-05T19:08:06.397261+00:00,27/10/2026,Fazenda Sol Nascente,PLT2,input_images\59d8a1ca-7a2c-4ca6-a625-3349b78852aa.jpg,97657260d766f621fcaeecc7dc287a0704006d0847374c142e93678a5c3939e1,Healthy,0.9996901750564575,"{""Common Rust"": 0.0001346778153674677, ""Gray Leaf Spot"": 0.00012205896928207949, ""Healthy"": 0.9996901750564575, ""NLB"": 5.312074063112959e-05}",annotated_images\59d8a1ca-7a2c-4ca6-a625-3349b78852aa__Healthy__annot.png,,0.0001346778153674677,0.00012205896928207949,0.9996901750564575,5.312074063112959e-05
28,2026-04-05T19:08:06.761821+00:00,22/03/2026,Fazenda Capao Rico,PLT15,input_images\629201e2-f886-4de4-977d-f1d6e8894785.jpg,1a0bcec7b2ba69370bb4d59edb98587d7e3b609a2543cbf4d78c5e54d29a4dae,Healthy,0.9999960660934448,"{""Common Rust"": 1.4018141882843338e-06, ""Gray Leaf Spot"": 1.295888978347648e-06, ""Healthy"": 0.9999960660934448, ""NLB"": 1.2070238426531432e-06}",annotated_images\629201e2-f886-4de4-977d-f1d6e8894785__Healthy__annot.png,,1.4018141882843338e-06,1.295888978347648e-06,0.9999960660934448,1.2070238426531432e-06
29,2026-04-05T19:08:07.128387+00:00,30/09/2026,Fazenda Capao Rico,PLT16,input_images\656acdcc-1008-4980-bd89-0790f83dc71d.jpg,3b616d93a4aa72ad932f05dd2ff1a0392139ce355a1b9d24f0e78cf71405a62c,Gray Leaf Spot,0.9599282741546631,"{""Common Rust"": 0.031232763081789017, ""Gray Leaf Spot"": 0.9599282741546631, ""Healthy"": 0.007317032665014267, ""NLB"": 0.0015219399938359857}",annotated_images\656acdcc-1008-4980-bd89-0790f83dc71d__Gray_Leaf_Spot__annot.png,,0.031232763081789017,0.9599282741546631,0.007317032665014267,0.0015219399938359857
30,2026-04-05T19:08:07.508176+00:00,23/09/2026,Fazenda Recanto,PLT17,input_images\67f9260e-7e9f-4e28-b812-d25280df11cd.jpg,4713b10521040b12bd472f7d83aca182cb240f99d6a214ec2c904cca3316e30a,Gray Leaf Spot,0.9656106233596802,"{""Common Rust"": 0.008371747098863125, ""Gray Leaf Spot"": 0.9656106233596802, ""Healthy"": 0.02579290233552456, ""NLB"": 0.00022476460435427725}",annotated_images\67f9260e-7e9f-4e28-b812-d25280df11cd__Gray_Leaf_Spot__annot.png,,0.008371747098863125,0.9656106233596802,0.02579290233552456,0.00022476460435427725
31,2026-04-05T19:08:07.913616+00:00,11/11/2026,Fazenda Recanto,PLT8,input_images\6faa13c2-68d9-4205-ae8a-4195001d0eed.jpg,d5fa22a4f721ad4b5f697a1c3936fb628700af4d5f8c0e4dd8f1cb9c2a0a9dc8,Healthy,0.9999873638153076,"{""Common Rust"": 9.200451813740074e-07, ""Gray Leaf Spot"": 1.1547488611540757e-05, ""Healthy"": 0.9999873638153076, ""NLB"": 1.7255645445857226e-07}",annotated_images\6faa13c2-68d9-4205-ae8a-4195001d0eed__Healthy__annot.png,,9.200451813740074e-07,1.1547488611540757e-05,0.9999873638153076,1.7255645445857226e-07
32,2026-04-05T19:08:08.279512+00:00,22/03/2026,Fazenda Recanto,PLT18,input_images\71004d24-dc33-427e-b7a3-a622aa7a3376.jpg,36727131464ffd5f8e7911992e717e1c3c8fb943362a9847f579be97eba06e1f,Healthy,0.9999469518661499,"{""Common Rust"": 4.612592965713702e-05, ""Gray Leaf Spot"": 5.491704087035032e-06, ""Healthy"": 0.9999469518661499, ""NLB"": 1.3752520544585423e-06}",annotated_images\71004d24-dc33-427e-b7a3-a622aa7a3376__Healthy__annot.png,,4.612592965713702e-05,5.491704087035032e-06,0.9999469518661499,1.3752520544585423e-06
33,2026-04-05T19:08:08.629640+00:00,12/02/2026,Fazenda Capao Rico,PLT14,input_images\732af299-8e19-4c3d-ba31-04f59169a5ca.jpg,4a94729561c4072cc20bd5eefb523d094297cfede4662ef6cc4b4d0a0c0f6902,Gray Leaf Spot,0.9849767684936523,"{""Common Rust"": 0.014228148385882378, ""Gray Leaf Spot"": 0.9849767684936523, ""Healthy"": 0.0005650005186907947, ""NLB"": 0.00023006160336080939}",annotated_images\732af299-8e19-4c3d-ba31-04f59169a5ca__Gray_Leaf_Spot__annot.png,,0.014228148385882378,0.9849767684936523,0.0005650005186907947,0.00023006160336080939
34,2026-04-05T19:08:09.005524+00:00,18/10/2026,Fazenda Recanto,PLT15,input_images\76ae16bc-bab6-42ed-9071-3fb58cd0908e.jpg,2f6e70b736435edc598a16b0bef6cbb8972527f48595406a2c3739910a0e8b57,Common Rust,0.9495148062705994,"{""Common Rust"": 0.9495148062705994, ""Gray Leaf Spot"": 0.04739062860608101, ""Healthy"": 0.0027205399237573147, ""NLB"": 0.0003740905085578561}",annotated_images\76ae16bc-bab6-42ed-9071-3fb58cd0908e__Common_Rust__annot.png,,0.9495148062705994,0.04739062860608101,0.0027205399237573147,0.0003740905085578561
35,2026-04-05T19:08:09.377485+00:00,05/09/2026,Fazenda Sol Nascente,PLT5,input_images\790c7254-04f7-4ba3-bfbd-10a267ae5679.jpg,187dba9a9b5fb5b19302741895fe71f28fcbc2eb20eee6da09cba216f4275b38,Gray Leaf Spot,0.9998722076416016,"{""Common Rust"": 9.989332465920597e-05, ""Gray Leaf Spot"": 0.9998722076416016, ""Healthy"": 8.714283467270434e-06, ""NLB"": 1.918725683935918e-05}",annotated_images\790c7254-04f7-4ba3-bfbd-10a267ae5679__Gray_Leaf_Spot__annot.png,,9.989332465920597e-05,0.9998722076416016,8.714283467270434e-06,1.918725683935918e-05
36,2026-04-05T19:08:09.741540+00:00,18/08/2026,Fazenda Recanto,PLT15,input_images\7b6c545a-dfe6-46cb-a035-07538ab56ee2.jpg,5903981420c863ed6bbfe7b8cee8ec3d23337cacddc41a1e6794b03c558ef231,Gray Leaf Spot,0.9203739166259766,"{""Common Rust"": 0.0002818683860823512, ""Gray Leaf Spot"": 0.9203739166259766, ""Healthy"": 0.003125755814835429, ""NLB"": 0.07621845602989197}",annotated_images\7b6c545a-dfe6-46cb-a035-07538ab56ee2__Gray_Leaf_Spot__annot.png,,0.0002818683860823512,0.9203739166259766,0.003125755814835429,0.07621845602989197
37,2026-04-05T19:08:10.098110+00:00,14/02/2026,Fazenda Capao Rico,PLT4,input_images\7b7cd324-b77b-4fe1-b80b-80c49ddf8f13.jpg,3072867b4b451739759fa7b4e26de9018e72e9f85ea5069b8bd2179dc20a4694,Gray Leaf Spot,0.8410791754722595,"{""Common Rust"": 0.020034942775964737, ""Gray Leaf Spot"": 0.8410791754722595, ""Healthy"": 0.05184674263000488, ""NLB"": 0.08703917264938354}",annotated_images\7b7cd324-b77b-4fe1-b80b-80c49ddf8f13__Gray_Leaf_Spot__annot.png,,0.020034942775964737,0.8410791754722595,0.05184674263000488,0.08703917264938354
38,2026-04-05T19:08:10.474715+00:00,25/07/2026,Fazenda Sol Nascente,PLT4,input_images\7e47d883-7681-4e85-a719-c2153af4462c.jpg,0a7d472d5da53b9436775feb479598e0c8067eae96dfd06c7ebdaecee79af473,Healthy,0.8683164119720459,"{""Common Rust"": 0.006946974899619818, ""Gray Leaf Spot"": 0.08121303468942642, ""Healthy"": 0.8683164119720459, ""NLB"": 0.04352358356118202}",annotated_images\7e47d883-7681-4e85-a719-c2153af4462c__Healthy__annot.png,,0.006946974899619818,0.08121303468942642,0.8683164119720459,0.04352358356118202
39,2026-04-05T19:08:10.909022+00:00,28/05/2026,Fazenda Recanto,PLT8,input_images\810c516d-0fe2-47ed-a8dc-90132d5d0410.jpg,0823b90473c33a9e915b618503baf2765dff90d69e14609ba2b0b2032a9289fb,Healthy,0.9999871253967285,"{""Common Rust"": 2.939859768957831e-06, ""Gray Leaf Spot"": 5.213155418459792e-06, ""Healthy"": 0.9999871253967285, ""NLB"": 4.77613821203704e-06}",annotated_images\810c516d-0fe2-47ed-a8dc-90132d5d0410__Healthy__annot.png,,2.939859768957831e-06,5.213155418459792e-06,0.9999871253967285,4.77613821203704e-06
40,2026-04-05T19:08:11.282748+00:00,03/11/2026,Fazenda Capao Rico,PLT3,input_images\81207180-8d16-4c6c-a9ee-60cabf7debac.jpg,9120578a76fd8539da220def6e0609ebb2435decc7a9c34b949e46e86e794c8d,Gray Leaf Spot,0.9999115467071533,"{""Common Rust"": 3.9642854972044006e-05, ""Gray Leaf Spot"": 0.9999115467071533, ""Healthy"": 4.000875924248248e-05, ""NLB"": 8.738978976907674e-06}",annotated_images\81207180-8d16-4c6c-a9ee-60cabf7debac__Gray_Leaf_Spot__annot.png,,3.9642854972044006e-05,0.9999115467071533,4.000875924248248e-05,8.738978976907674e-06
41,2026-04-05T19:08:11.722962+00:00,04/12/2026,Fazenda Capao Rico,PLT8,input_images\84895007-0d83-4004-83be-100f08d23cd5.jpg,781844def7393bce84e4697419a90ad3d35f395d96175927b9544d4b6dec2295,Gray Leaf Spot,0.9528879523277283,"{""Common Rust"": 0.0016683678841218352, ""Gray Leaf Spot"": 0.9528879523277283, ""Healthy"": 0.045434970408678055, ""NLB"": 8.707354936632328e-06}",annotated_images\84895007-0d83-4004-83be-100f08d23cd5__Gray_Leaf_Spot__annot.png,,0.0016683678841218352,0.9528879523277283,0.045434970408678055,8.707354936632328e-06
42,2026-04-05T19:08:12.104902+00:00,23/04/2026,Fazenda Capao Rico,PLT20,input_images\84bef57e-2ac8-4ac4-aa07-2b9c7f252bb2.jpg,7652afbeec9515127c90635ede55164531a9a5c05f0d2e8a723b6c9ea5904ff3,Healthy,0.9999449253082275,"{""Common Rust"": 1.8453880329616368e-05, ""Gray Leaf Spot"": 3.620261850301176e-05, ""Healthy"": 0.9999449253082275, ""NLB"": 3.730965545400977e-07}",annotated_images\84bef57e-2ac8-4ac4-aa07-2b9c7f252bb2__Healthy__annot.png,,1.8453880329616368e-05,3.620261850301176e-05,0.9999449253082275,3.730965545400977e-07
43,2026-04-05T19:08:12.483440+00:00,22/01/2026,Fazenda Capao Rico,PLT14,input_images\87ca9ca5-f2d3-4c46-a118-c1bfcaa7dad8.jpg,d81099827be9eea9fd64d18771a60680255ea1fa9a2d2dd9247d55c97df59556,NLB,0.3999378979206085,"{""Common Rust"": 0.3518105745315552, ""Gray Leaf Spot"": 0.0023344927467405796, ""Healthy"": 0.24591702222824097, ""NLB"": 0.3999378979206085}",annotated_images\87ca9ca5-f2d3-4c46-a118-c1bfcaa7dad8__NLB__annot.png,,0.3518105745315552,0.0023344927467405796,0.24591702222824097,0.3999378979206085
44,2026-04-05T19:08:12.871280+00:00,05/09/2026,Fazenda Recanto,PLT1,input_images\88508bb4-5bc6-40d0-80eb-5e687bb1065c.jpg,a7ea9078e7d9603d21d0e68ee212edcc224aa02cb50e4e74de786850a4099b2e,NLB,0.7754921317100525,"{""Common Rust"": 0.034351497888565063, ""Gray Leaf Spot"": 0.015621415339410305, ""Healthy"": 0.17453493177890778, ""NLB"": 0.7754921317100525}",annotated_images\88508bb4-5bc6-40d0-80eb-5e687bb1065c__NLB__annot.png,,0.034351497888565063,0.015621415339410305,0.17453493177890778,0.7754921317100525
45,2026-04-05T19:08:13.248399+00:00,17/07/2026,Fazenda Capao Rico,PLT9,input_images\8a2b42bf-602c-463a-9c9e-ff0c03987baa.jpg,c02f6d9ca2907774596d52f36c038e3a2e8e3e47a13c7e7c4f865ce44b36bf68,Healthy,0.9999792575836182,"{""Common Rust"": 5.41814551979769e-06, ""Gray Leaf Spot"": 7.974889740580693e-06, ""Healthy"": 0.9999792575836182, ""NLB"": 7.3595260801084805e-06}",annotated_images\8a2b42bf-602c-463a-9c9e-ff0c03987baa__Healthy__annot.png,,5.41814551979769e-06,7.974889740580693e-06,0.9999792575836182,7.3595260801084805e-06
46,2026-04-05T19:08:13.611022+00:00,11/05/2026,Fazenda Capao Rico,PLT17,input_images\8a6cd053-4564-417c-a4dd-d03155927b26.jpg,61d28f24b4c0c2ae899a11fdbf1deb9af4416471e3471716a887e49f2f713aef,Gray Leaf Spot,0.9999829530715942,"{""Common Rust"": 9.905278602673206e-06, ""Gray Leaf Spot"": 0.9999829530715942, ""Healthy"": 9.533515594739583e-07, ""NLB"": 6.245912572921952e-06}",annotated_images\8a6cd053-4564-417c-a4dd-d03155927b26__Gray_Leaf_Spot__annot.png,,9.905278602673206e-06,0.9999829530715942,9.533515594739583e-07,6.245912572921952e-06
47,2026-04-05T19:08:13.974953+00:00,06/12/2026,Fazenda Sol Nascente,PLT13,input_images\8ad35f49-ab3b-4fa7-8871-ab6947ef36ef.jpg,ed64566e0d25bed48c667e2cd48286ddde04758ccd3d9442214eba7ee219d13a,Healthy,0.9985373020172119,"{""Common Rust"": 0.000622458872385323, ""Gray Leaf Spot"": 0.0005758074694313109, ""Healthy"": 0.9985373020172119, ""NLB"": 0.0002643742773216218}",annotated_images\8ad35f49-ab3b-4fa7-8871-ab6947ef36ef__Healthy__annot.png,,0.000622458872385323,0.0005758074694313109,0.9985373020172119,0.0002643742773216218
48,2026-04-05T19:08:14.328797+00:00,26/11/2026,Fazenda Capao Rico,PLT19,input_images\8df8c5d1-00cd-47d9-a537-e0afa353c37d.jpg,74f5150ebe2ad2efc2288e5d8764852c8616ae96b9cd0486b72e48c08fb3dc55,Gray Leaf Spot,0.5683322548866272,"{""Common Rust"": 0.13763828575611115, ""Gray Leaf Spot"": 0.5683322548866272, ""Healthy"": 0.11620650440454483, ""NLB"": 0.17782294750213623}",annotated_images\8df8c5d1-00cd-47d9-a537-e0afa353c37d__Gray_Leaf_Spot__annot.png,,0.13763828575611115,0.5683322548866272,0.11620650440454483,0.17782294750213623
49,2026-04-05T19:08:14.702216+00:00,22/04/2026,Fazenda Recanto,PLT8,input_images\8e3f61fe-d4ca-4b1e-83f0-a1db65742bff.jpg,d551e7c75cb72e01ddb13abdc7cc996e7727c54bb21556a552b82bebcd81f825,NLB,0.9860935211181641,"{""Common Rust"": 0.01257945504039526, ""Gray Leaf Spot"": 0.0009509254596196115, ""Healthy"": 0.00037605740362778306, ""NLB"": 0.9860935211181641}",annotated_images\8e3f61fe-d4ca-4b1e-83f0-a1db65742bff__NLB__annot.png,,0.01257945504039526,0.0009509254596196115,0.00037605740362778306,0.9860935211181641
50,2026-04-05T19:08:15.061979+00:00,19/09/2026,Fazenda Capao Rico,PLT4,input_images\8fe8a4e7-73f8-4aa8-9ca4-5b0f90eb9b75.jpg,92b43d93a4ce77e72be76cb9f6c526679d6b8b105f37e98f241a5dc2dd417cf9,Gray Leaf Spot,0.9802125692367554,"{""Common Rust"": 0.013027358800172806, ""Gray Leaf Spot"": 0.9802125692367554, ""Healthy"": 0.0013884329237043858, ""NLB"": 0.005371689796447754}",annotated_images\8fe8a4e7-73f8-4aa8-9ca4-5b0f90eb9b75__Gray_Leaf_Spot__annot.png,,0.013027358800172806,0.9802125692367554,0.0013884329237043858,0.005371689796447754
51,2026-04-05T19:08:15.430476+00:00,27/09/2026,Fazenda Sol Nascente,PLT13,input_images\933ea8ba-f14b-4fd8-9d93-ff76f070f90a.jpg,c4a1b000c1db3b96f7303bfed34ed2f78e3afaf98bc5d6e52f338972fe2d5a99,Healthy,0.9999886751174927,"{""Common Rust"": 4.850794539379422e-06, ""Gray Leaf Spot"": 3.172134029227891e-06, ""Healthy"": 0.9999886751174927, ""NLB"": 3.3120707030320773e-06}",annotated_images\933ea8ba-f14b-4fd8-9d93-ff76f070f90a__Healthy__annot.png,,4.850794539379422e-06,3.172134029227891e-06,0.9999886751174927,3.3120707030320773e-06
52,2026-04-05T19:08:15.814642+00:00,23/04/2026,Fazenda Capao Rico,PLT20,input_images\9439e16a-d8a2-4ff8-aa9a-94f049a21025.jpg,20b84e5b34764de08025598cbddc23cbdb79a8f25087b0cc73abe194578a9376,Common Rust,0.9914275407791138,"{""Common Rust"": 0.9914275407791138, ""Gray Leaf Spot"": 0.0037448443472385406, ""Healthy"": 0.002215081825852394, ""NLB"": 0.0026124981231987476}",annotated_images\9439e16a-d8a2-4ff8-aa9a-94f049a21025__Common_Rust__annot.png,,0.9914275407791138,0.0037448443472385406,0.002215081825852394,0.0026124981231987476
53,2026-04-05T19:08:16.175530+00:00,11/10/2026,Fazenda Recanto,PLT17,input_images\98317069-b214-4980-a688-ce98f5cdf59b.jpg,0824326d71a477130d5412664807b3ade1552c12332790eeb7517742845eb97e,NLB,0.7617690563201904,"{""Common Rust"": 3.7776600947836414e-05, ""Gray Leaf Spot"": 0.2369307577610016, ""Healthy"": 0.0012623727088794112, ""NLB"": 0.7617690563201904}",annotated_images\98317069-b214-4980-a688-ce98f5cdf59b__NLB__annot.png,,3.7776600947836414e-05,0.2369307577610016,0.0012623727088794112,0.7617690563201904
54,2026-04-05T19:08:16.632718+00:00,13/04/2026,Fazenda Capao Rico,PLT9,input_images\99599487-84a2-459e-8ace-77fe9471599a.jpg,48ee0d606691cd9d70b38014158dea64cb006890116e0b1a3aeaeed44142034f,Healthy,0.9999157190322876,"{""Common Rust"": 1.6658299500704743e-05, ""Gray Leaf Spot"": 8.750022971071303e-06, ""Healthy"": 0.9999157190322876, ""NLB"": 5.8941594033967704e-05}",annotated_images\99599487-84a2-459e-8ace-77fe9471599a__Healthy__annot.png,,1.6658299500704743e-05,8.750022971071303e-06,0.9999157190322876,5.8941594033967704e-05
55,2026-04-05T19:08:16.989545+00:00,22/08/2026,Fazenda Recanto,PLT20,input_images\9b71b0fe-2683-487d-ad02-6a44f796f1d6.jpg,c898269f20fdb2f86d1dd74be9d9aa76e705121ece242c6692887cc935426444,NLB,0.9997466206550598,"{""Common Rust"": 0.00010339903383282945, ""Gray Leaf Spot"": 0.00014788856788072735, ""Healthy"": 2.0455561298149405e-06, ""NLB"": 0.9997466206550598}",annotated_images\9b71b0fe-2683-487d-ad02-6a44f796f1d6__NLB__annot.png,,0.00010339903383282945,0.00014788856788072735,2.0455561298149405e-06,0.9997466206550598
56,2026-04-05T19:08:17.350268+00:00,20/08/2026,Fazenda Sol Nascente,PLT1,input_images\9b7a4816-5910-408e-8577-fe62e8257e37.jpg,2ee50ffeacf03802f905cfe487fff656bf985126fd741241ed68f9a312dc8a9a,NLB,0.9851706624031067,"{""Common Rust"": 0.0001675860257819295, ""Gray Leaf Spot"": 0.014644958078861237, ""Healthy"": 1.6787851564004086e-05, ""NLB"": 0.9851706624031067}",annotated_images\9b7a4816-5910-408e-8577-fe62e8257e37__NLB__annot.png,,0.0001675860257819295,0.014644958078861237,1.6787851564004086e-05,0.9851706624031067
57,2026-04-05T19:08:17.709900+00:00,23/08/2026,Fazenda Capao Rico,PLT7,input_images\9d1908c2-bfc5-46c0-8969-946a5d370d73.jpg,5096ee742bac6402e49a186ae84cb48354be4e089a9bd30364727bf952c2e8a0,Healthy,0.9998583793640137,"{""Common Rust"": 6.997858872637153e-05, ""Gray Leaf Spot"": 5.178694846108556e-05, ""Healthy"": 0.9998583793640137, ""NLB"": 1.9755636458285153e-05}",annotated_images\9d1908c2-bfc5-46c0-8969-946a5d370d73__Healthy__annot.png,,6.997858872637153e-05,5.178694846108556e-05,0.9998583793640137,1.9755636458285153e-05
58,2026-04-05T19:08:18.159834+00:00,15/04/2026,Fazenda Sol Nascente,PLT19,input_images\9dada3f1-4a81-4e4f-bfa9-3e131b0f2f37.jpg,9d3bbdb56a902458d4bb09c2b16a117173048eb2f9dac5a25adaf5b87a32782e,Common Rust,0.927290678024292,"{""Common Rust"": 0.927290678024292, ""Gray Leaf Spot"": 0.0002416338538751006, ""Healthy"": 0.0716523751616478, ""NLB"": 0.0008153148228302598}",annotated_images\9dada3f1-4a81-4e4f-bfa9-3e131b0f2f37__Common_Rust__annot.png,,0.927290678024292,0.0002416338538751006,0.0716523751616478,0.0008153148228302598
59,2026-04-05T19:08:18.563302+00:00,05/12/2026,Fazenda Sol Nascente,PLT8,input_images\9dd7a900-f5fd-4b57-945b-b845c87e3538.jpg,736a1734ac7fa212945fd55314a22c7e9a3ac5611d94631878b550ea5c523156,NLB,0.9990667700767517,"{""Common Rust"": 3.1972005672287196e-05, ""Gray Leaf Spot"": 0.0006685343105345964, ""Healthy"": 0.0002327922557014972, ""NLB"": 0.9990667700767517}",annotated_images\9dd7a900-f5fd-4b57-945b-b845c87e3538__NLB__annot.png,,3.1972005672287196e-05,0.0006685343105345964,0.0002327922557014972,0.9990667700767517
60,2026-04-05T19:08:18.978873+00:00,04/04/2026,Fazenda Capao Rico,PLT12,input_images\a1e3bb57-7fc3-4c82-9ad1-aff3cd6fefe9.jpg,bb6513c8d45b22472dd5e8ee2c28bd5eac6ab2655f53a7ec7a9bcd9c1b7e77ca,Gray Leaf Spot,0.6608082056045532,"{""Common Rust"": 0.2450951635837555, ""Gray Leaf Spot"": 0.6608082056045532, ""Healthy"": 0.053390033543109894, ""NLB"": 0.04070664942264557}",annotated_images\a1e3bb57-7fc3-4c82-9ad1-aff3cd6fefe9__Gray_Leaf_Spot__annot.png,,0.2450951635837555,0.6608082056045532,0.053390033543109894,0.04070664942264557
61,2026-04-05T19:08:19.401420+00:00,12/09/2026,Fazenda Capao Rico,PLT16,input_images\a696df5c-b0b0-4d81-99eb-13375740a099.jpg,5d4722f78643aec07d928b2408fed382039f6047840500140107023eec722321,Gray Leaf Spot,0.8743975162506104,"{""Common Rust"": 0.09579277783632278, ""Gray Leaf Spot"": 0.8743975162506104, ""Healthy"": 0.018197912722826004, ""NLB"": 0.011611834168434143}",annotated_images\a696df5c-b0b0-4d81-99eb-13375740a099__Gray_Leaf_Spot__annot.png,,0.09579277783632278,0.8743975162506104,0.018197912722826004,0.011611834168434143
62,2026-04-05T19:08:19.850827+00:00,25/10/2026,Fazenda Sol Nascente,PLT4,input_images\a738cfc6-00dd-45fa-b6b0-97272c6d85d0.jpg,a623ed5f13132bc70b424e82e0222867a2609903052ab55bd55c6cebdc370411,Healthy,0.999974250793457,"{""Common Rust"": 5.663515821652254e-06, ""Gray Leaf Spot"": 1.765362139849458e-05, ""Healthy"": 0.999974250793457, ""NLB"": 2.3599525320605608e-06}",annotated_images\a738cfc6-00dd-45fa-b6b0-97272c6d85d0__Healthy__annot.png,,5.663515821652254e-06,1.765362139849458e-05,0.999974250793457,2.3599525320605608e-06
63,2026-04-05T19:08:20.218633+00:00,03/11/2026,Fazenda Sol Nascente,PLT2,input_images\a7413202-bbc9-4598-be5e-cae68fb4e5fa.jpg,234e55db253165e2509beae80e00103630258b3b43fb13e1dafe6262e4eac9a4,Gray Leaf Spot,0.9947695136070251,"{""Common Rust"": 0.004535933956503868, ""Gray Leaf Spot"": 0.9947695136070251, ""Healthy"": 0.00016426974616479129, ""NLB"": 0.000530294026248157}",annotated_images\a7413202-bbc9-4598-be5e-cae68fb4e5fa__Gray_Leaf_Spot__annot.png,,0.004535933956503868,0.9947695136070251,0.00016426974616479129,0.000530294026248157
64,2026-04-05T19:08:20.640267+00:00,11/11/2026,Fazenda Capao Rico,PLT9,input_images\aaa79e9c-2e56-4c5b-88da-0d663f425a8b.jpg,e93c6fc5ff3490125e3643f7b1a26e0bbc8013700a9557cf91fd48444cd184bb,Gray Leaf Spot,0.9768138527870178,"{""Common Rust"": 0.009825602173805237, ""Gray Leaf Spot"": 0.9768138527870178, ""Healthy"": 0.0007068158593028784, ""NLB"": 0.012653670273721218}",annotated_images\aaa79e9c-2e56-4c5b-88da-0d663f425a8b__Gray_Leaf_Spot__annot.png,,0.009825602173805237,0.9768138527870178,0.0007068158593028784,0.012653670273721218
65,2026-04-05T19:08:21.024260+00:00,20/01/2026,Fazenda Capao Rico,PLT1,input_images\b43641ce-0a9e-4f0e-b30d-e493e7354d1f.jpg,7d9333cd1cfa6aad1a93d032a32b4d480d88466889c946f57cbdd8e1a2ec5661,Healthy,0.9997066855430603,"{""Common Rust"": 3.599945728183229e-07, ""Gray Leaf Spot"": 2.328601595991131e-07, ""Healthy"": 0.9997066855430603, ""NLB"": 0.0002927065943367779}",annotated_images\b43641ce-0a9e-4f0e-b30d-e493e7354d1f__Healthy__annot.png,,3.599945728183229e-07,2.328601595991131e-07,0.9997066855430603,0.0002927065943367779
66,2026-04-05T19:08:21.396996+00:00,22/03/2026,Fazenda Sol Nascente,PLT4,input_images\b4b308f6-d21d-4cb1-a286-3de7b507dd4a.jpg,3a1b77d3c2ff3160ea110ed791f433ecf33469b89875c2871d2b31b98b140466,Gray Leaf Spot,0.9987585544586182,"{""Common Rust"": 0.0006944801425561309, ""Gray Leaf Spot"": 0.9987585544586182, ""Healthy"": 0.0005457609659060836, ""NLB"": 1.2425659861037275e-06}",annotated_images\b4b308f6-d21d-4cb1-a286-3de7b507dd4a__Gray_Leaf_Spot__annot.png,,0.0006944801425561309,0.9987585544586182,0.0005457609659060836,1.2425659861037275e-06
67,2026-04-05T19:08:21.768458+00:00,23/05/2026,Fazenda Capao Rico,PLT10,input_images\bf80f3ba-ad49-47ca-8ec5-59ca2e24c455.jpg,18cfaace8860c723c48ea31a33909dc8c0ddea03d9d0253d038dfc7cd16ab925,Healthy,0.9999549388885498,"{""Common Rust"": 1.3902069440518972e-05, ""Gray Leaf Spot"": 9.97593997453805e-06, ""Healthy"": 0.9999549388885498, ""NLB"": 2.126471918018069e-05}",annotated_images\bf80f3ba-ad49-47ca-8ec5-59ca2e24c455__Healthy__annot.png,,1.3902069440518972e-05,9.97593997453805e-06,0.9999549388885498,2.126471918018069e-05
68,2026-04-05T19:08:22.121309+00:00,06/06/2026,Fazenda Recanto,PLT3,input_images\c984ddf3-0121-4484-9f6c-4011b25a5e94.jpg,9b17c3e4a9dacb6144f7c6ae7e69366b5966f8bdc49bd5ac175450a9c2f60dcf,NLB,0.9994329810142517,"{""Common Rust"": 9.417655746801756e-06, ""Gray Leaf Spot"": 6.997449304435577e-07, ""Healthy"": 0.0005569043569266796, ""NLB"": 0.9994329810142517}",annotated_images\c984ddf3-0121-4484-9f6c-4011b25a5e94__NLB__annot.png,,9.417655746801756e-06,6.997449304435577e-07,0.0005569043569266796,0.9994329810142517
69,2026-04-05T19:08:22.538070+00:00,28/03/2026,Fazenda Capao Rico,PLT5,input_images\ca52e6ec-428b-4b84-8886-5aad2bdeb788.jpg,7a3d1776881819f613eb8e52b7cfc803392bd1561c916e80671ac68961eb39ac,Gray Leaf Spot,0.4991210699081421,"{""Common Rust"": 0.010299316607415676, ""Gray Leaf Spot"": 0.4991210699081421, ""Healthy"": 0.021435128524899483, ""NLB"": 0.46914446353912354}",annotated_images\ca52e6ec-428b-4b84-8886-5aad2bdeb788__Gray_Leaf_Spot__annot.png,,0.010299316607415676,0.4991210699081421,0.021435128524899483,0.46914446353912354
70,2026-04-05T19:08:22.887363+00:00,09/04/2026,Fazenda Sol Nascente,PLT11,input_images\cb8b276d-918d-4ea3-8521-e529d803a3ce.jpg,f0147c5ceecb5ec52f82b718422c7ef3b3ec70c5d8e2c26baf497a2946c643b7,Gray Leaf Spot,0.9978920817375183,"{""Common Rust"": 0.0001665940071688965, ""Gray Leaf Spot"": 0.9978920817375183, ""Healthy"": 0.0005026531289331615, ""NLB"": 0.0014387491391971707}",annotated_images\cb8b276d-918d-4ea3-8521-e529d803a3ce__Gray_Leaf_Spot__annot.png,,0.0001665940071688965,0.9978920817375183,0.0005026531289331615,0.0014387491391971707
71,2026-04-05T19:08:23.279945+00:00,20/01/2026,Fazenda Recanto,PLT10,input_images\cc61e72e-92e3-48af-92e7-8d940bdae8e7.jpeg,bb91e0a3c455df67d2f7ebd9837cbd1d947a9f86211258b279e4d41a61292bc8,NLB,0.8182613849639893,"{""Common Rust"": 0.0012871369253844023, ""Gray Leaf Spot"": 0.1678648740053177, ""Healthy"": 0.012586575001478195, ""NLB"": 0.8182613849639893}",annotated_images\cc61e72e-92e3-48af-92e7-8d940bdae8e7__NLB__annot.png,,0.0012871369253844023,0.1678648740053177,0.012586575001478195,0.8182613849639893
72,2026-04-05T19:08:23.701809+00:00,09/10/2026,Fazenda Sol Nascente,PLT10,input_images\d3f66fc5-ff0e-4ecf-a03d-b610c42f9dcf.jpg,1f3f7a5dd8197f0192ecea1de9059d7465b33b1202eb9010226915e69ff63f2a,Healthy,0.9999816417694092,"{""Common Rust"": 4.286017883714521e-06, ""Gray Leaf Spot"": 1.3824593224853743e-05, ""Healthy"": 0.9999816417694092, ""NLB"": 2.8331535872894165e-07}",annotated_images\d3f66fc5-ff0e-4ecf-a03d-b610c42f9dcf__Healthy__annot.png,,4.286017883714521e-06,1.3824593224853743e-05,0.9999816417694092,2.8331535872894165e-07
73,2026-04-05T19:08:24.079809+00:00,18/08/2026,Fazenda Capao Rico,PLT14,input_images\d449aa5a-967c-4c93-b9e0-efb059b085b7.jpg,60f6e1daf63def6208a274da7d178df3c2cd8db16c3b8c4938c3c8754eb4eecc,Gray Leaf Spot,0.9991403818130493,"{""Common Rust"": 2.4286055122502148e-05, ""Gray Leaf Spot"": 0.9991403818130493, ""Healthy"": 1.7845060256149736e-06, ""NLB"": 0.0008334872545674443}",annotated_images\d449aa5a-967c-4c93-b9e0-efb059b085b7__Gray_Leaf_Spot__annot.png,,2.4286055122502148e-05,0.9991403818130493,1.7845060256149736e-06,0.0008334872545674443
74,2026-04-05T19:08:24.460613+00:00,10/04/2026,Fazenda Recanto,PLT11,input_images\d93d0dc6-cf36-44df-882d-455ec3e1159d.jpg,26dc49c5191806d424eafd6b75de6156550f2d7ece5abe718ac3a0344a103d1f,Gray Leaf Spot,0.4949287176132202,"{""Common Rust"": 0.03562529385089874, ""Gray Leaf Spot"": 0.4949287176132202, ""Healthy"": 0.44345900416374207, ""NLB"": 0.02598700299859047}",annotated_images\d93d0dc6-cf36-44df-882d-455ec3e1159d__Gray_Leaf_Spot__annot.png,,0.03562529385089874,0.4949287176132202,0.44345900416374207,0.02598700299859047
75,2026-04-05T19:08:24.815893+00:00,12/08/2026,Fazenda Capao Rico,PLT11,input_images\d9a3a307-0444-4a10-9b78-283f0d1941be.jpg,10e15f1c88ceda5b126d25f64ca4ec09229e2359b58ed8b0d39381df3dffd883,Gray Leaf Spot,0.8430708646774292,"{""Common Rust"": 0.11835844814777374, ""Gray Leaf Spot"": 0.8430708646774292, ""Healthy"": 0.0035636976826936007, ""NLB"": 0.035006988793611526}",annotated_images\d9a3a307-0444-4a10-9b78-283f0d1941be__Gray_Leaf_Spot__annot.png,,0.11835844814777374,0.8430708646774292,0.0035636976826936007,0.035006988793611526
76,2026-04-05T19:08:25.237849+00:00,16/06/2026,Fazenda Sol Nascente,PLT3,input_images\de357fe0-9fc5-4a38-9195-29b22efd6683.jpg,cd2b8adebbc5f941da5668f87dd31c81781ea5d203204596aa5f052f23c29e89,Gray Leaf Spot,0.9372702240943909,"{""Common Rust"": 0.011123694479465485, ""Gray Leaf Spot"": 0.9372702240943909, ""Healthy"": 0.05074700340628624, ""NLB"": 0.000858945946674794}",annotated_images\de357fe0-9fc5-4a38-9195-29b22efd6683__Gray_Leaf_Spot__annot.png,,0.011123694479465485,0.9372702240943909,0.05074700340628624,0.000858945946674794
77,2026-04-05T19:08:25.627625+00:00,28/07/2026,Fazenda Recanto,PLT1,input_images\e3b24597-c4de-4ab3-b108-331f42e245a0.jpg,4e164e90fe1e8914481785b8ca04d9aab1d343e78a09a76084a3e57a37a8eb70,NLB,0.9720655679702759,"{""Common Rust"": 0.007991175167262554, ""Gray Leaf Spot"": 0.0035363598726689816, ""Healthy"": 0.01640693098306656, ""NLB"": 0.9720655679702759}",annotated_images\e3b24597-c4de-4ab3-b108-331f42e245a0__NLB__annot.png,,0.007991175167262554,0.0035363598726689816,0.01640693098306656,0.9720655679702759
78,2026-04-05T19:08:26.016861+00:00,18/12/2026,Fazenda Sol Nascente,PLT4,input_images\e7d62778-a073-4143-be0c-5c86e47ab9e4.jpg,fc4bb5f4f31e8ea6ca956b364499c6065bc67eb0b31c16f7733100033e9e3610,Gray Leaf Spot,0.9977166652679443,"{""Common Rust"": 0.0003095414431300014, ""Gray Leaf Spot"": 0.9977166652679443, ""Healthy"": 0.0018027544720098376, ""NLB"": 0.00017105526058003306}",annotated_images\e7d62778-a073-4143-be0c-5c86e47ab9e4__Gray_Leaf_Spot__annot.png,,0.0003095414431300014,0.9977166652679443,0.0018027544720098376,0.00017105526058003306
79,2026-04-05T19:08:26.385679+00:00,02/10/2026,Fazenda Capao Rico,PLT14,input_images\e8341750-c5b8-4ea9-8541-ed854509265a.jpg,376de5dfd4c5f0385e483a9a9e8b64d58c271787b9c0f72da2713cfb08ab702d,NLB,0.857483983039856,"{""Common Rust"": 0.060588981956243515, ""Gray Leaf Spot"": 0.008900751359760761, ""Healthy"": 0.07302627712488174, ""NLB"": 0.857483983039856}",annotated_images\e8341750-c5b8-4ea9-8541-ed854509265a__NLB__annot.png,,0.060588981956243515,0.008900751359760761,0.07302627712488174,0.857483983039856
80,2026-04-05T19:08:26.774014+00:00,19/11/2026,Fazenda Recanto,PLT20,input_images\e98f5f84-5dfc-4019-be19-4d1650899921.jpg,35d5adc337bc6353ff3ccee7140df6c161964cb8075cd5ae720474c58da9286e,Healthy,0.9999891519546509,"{""Common Rust"": 2.7550270260690013e-06, ""Gray Leaf Spot"": 7.135154646675801e-06, ""Healthy"": 0.9999891519546509, ""NLB"": 9.589900855644373e-07}",annotated_images\e98f5f84-5dfc-4019-be19-4d1650899921__Healthy__annot.png,,2.7550270260690013e-06,7.135154646675801e-06,0.9999891519546509,9.589900855644373e-07
81,2026-04-05T19:08:27.136029+00:00,22/09/2026,Fazenda Capao Rico,PLT17,input_images\ea268914-25dd-4bc4-bfeb-2302289a9ba8.jpg,0d24d3485ba1ebd0549ea5fd0310fcc65f8816555176e7d4117fe465c8142944,Gray Leaf Spot,0.9312604665756226,"{""Common Rust"": 0.003285068552941084, ""Gray Leaf Spot"": 0.9312604665756226, ""Healthy"": 0.06545315682888031, ""NLB"": 1.278027184525854e-06}",annotated_images\ea268914-25dd-4bc4-bfeb-2302289a9ba8__Gray_Leaf_Spot__annot.png,,0.003285068552941084,0.9312604665756226,0.06545315682888031,1.278027184525854e-06
82,2026-04-05T19:08:27.515757+00:00,13/09/2026,Fazenda Recanto,PLT3,input_images\ec9cbed4-18ed-4344-9cf7-162bdf0a7995.jpg,a3c749f4338aed0330109fa453b830b8d871d68ab291d47757a4549bed39ceda,Gray Leaf Spot,0.9995570778846741,"{""Common Rust"": 7.452101999660954e-05, ""Gray Leaf Spot"": 0.9995570778846741, ""Healthy"": 5.890716693102149e-06, ""NLB"": 0.0003625987737905234}",annotated_images\ec9cbed4-18ed-4344-9cf7-162bdf0a7995__Gray_Leaf_Spot__annot.png,,7.452101999660954e-05,0.9995570778846741,5.890716693102149e-06,0.0003625987737905234
83,2026-04-05T19:08:28.029873+00:00,27/10/2026,Fazenda Capao Rico,PLT12,input_images\ee8e6529-7466-41f8-9685-60119b4792e5.jpg,f1764c205dd0f41b8d78db8bee4950449114836d5c9459f0922cb1f145c71df7,Healthy,0.9999409914016724,"{""Common Rust"": 3.360936489116284e-07, ""Gray Leaf Spot"": 3.039045637365234e-08, ""Healthy"": 0.9999409914016724, ""NLB"": 5.864764534635469e-05}",annotated_images\ee8e6529-7466-41f8-9685-60119b4792e5__Healthy__annot.png,,3.360936489116284e-07,3.039045637365234e-08,0.9999409914016724,5.864764534635469e-05
84,2026-04-05T19:08:28.396367+00:00,05/08/2026,Fazenda Recanto,PLT17,input_images\f97b88dd-4b0c-4c2b-9651-c630a8666bad.jpg,c393f833ce99b3ed0e103a8433448c848953ec88d7f9e0045f69b16bb70ab827,Healthy,0.9999974966049194,"{""Common Rust"": 1.3593660241895122e-06, ""Gray Leaf Spot"": 1.0217033832304878e-06, ""Healthy"": 0.9999974966049194, ""NLB"": 1.4548589888363495e-07}",annotated_images\f97b88dd-4b0c-4c2b-9651-c630a8666bad__Healthy__annot.png,,1.3593660241895122e-06,1.0217033832304878e-06,0.9999974966049194,1.4548589888363495e-07
85,2026-04-05T19:08:28.755415+00:00,01/05/2026,Fazenda Sol Nascente,PLT10,input_images\fc0f0980-f74d-499d-9fae-a7264306476a.jpg,ab0f950724a9ce440c8b80e8d5e500e24ca7b1981f78a483ab9354c41e15e243,Healthy,0.6587849259376526,"{""Common Rust"": 0.006486817728728056, ""Gray Leaf Spot"": 0.14278733730316162, ""Healthy"": 0.6587849259376526, ""NLB"": 0.19194090366363525}",annotated_images\fc0f0980-f74d-499d-9fae-a7264306476a__Healthy__annot.png,,0.006486817728728056,0.14278733730316162,0.6587849259376526,0.19194090366363525
86,2026-04-05T19:08:29.137082+00:00,24/01/2026,Fazenda Capao Rico,PLT12,input_images\fcf68287-fec2-43f3-b558-bb95d4c67d4f.jpg,2592da1592e561a67d568abfb99291460e1ebdbf799296907897b9717834cf74,Healthy,0.9999985694885254,"{""Common Rust"": 2.4336046067219286e-07, ""Gray Leaf Spot"": 1.1900987146873376e-06, ""Healthy"": 0.9999985694885254, ""NLB"": 5.411365933127854e-08}",annotated_images\fcf68287-fec2-43f3-b558-bb95d4c67d4f__Healthy__annot.png,,2.4336046067219286e-07,1.1900987146873376e-06,0.9999985694885254,5.411365933127854e-08
